profile,rise_max_c,k_rec,peak_cut_pct,energy_change_pct,energy_change_open_loop_pct,hours_above_limit,override_hours,sar_per_year_tou,sar_per_year_flat,days_at_cut_ceiling,data_source
tight,1.0,0.25,48.21,-1.29,-8.83,0,0,367.04,22.97,5,synthetic_sample
tight,1.0,0.5,48.21,1.09,-8.83,0,0,324.74,-19.34,5,synthetic_sample
tight,1.0,1.0,48.21,2.4,-8.83,0,0,301.33,-42.75,5,synthetic_sample
tight,1.5,0.25,57.27,-11.77,-23.29,0,0,618.42,209.74,21,synthetic_sample
tight,1.5,0.5,57.27,-8.15,-23.29,0,0,553.86,145.18,21,synthetic_sample
tight,1.5,1.0,57.27,-6.51,-23.29,0,0,524.7,116.02,21,synthetic_sample
tight,2.0,0.25,59.29,-19.27,-33.0,0,3,766.38,343.29,29,synthetic_sample
tight,2.0,0.5,59.29,-14.93,-33.0,0,3,689.11,266.02,29,synthetic_sample
tight,2.0,1.0,59.29,-13.11,-33.0,0,3,656.76,233.67,29,synthetic_sample
typical,1.0,0.25,36.66,0.29,-4.29,0,0,256.54,-5.09,0,synthetic_sample
typical,1.0,0.5,36.66,1.77,-4.29,0,0,230.03,-31.6,0,synthetic_sample
typical,1.0,1.0,36.66,3.75,-4.29,0,0,194.85,-66.77,0,synthetic_sample
typical,1.5,0.25,49.17,-7.02,-13.93,0,0,475.97,125.07,5,synthetic_sample
typical,1.5,0.5,49.17,-4.52,-13.93,0,0,431.38,80.48,5,synthetic_sample
typical,1.5,1.0,49.17,-2.97,-13.93,0,0,403.84,52.94,5,synthetic_sample
typical,2.0,0.25,55.14,-16.61,-25.16,0,8,689.52,296.05,21,synthetic_sample
typical,2.0,0.5,55.14,-13.52,-25.16,0,8,634.45,240.97,21,synthetic_sample
typical,2.0,1.0,55.14,-11.91,-25.16,0,8,605.65,212.17,21,synthetic_sample
leaky,1.0,0.25,32.07,-2.44,-5.31,0,0,272.27,43.42,0,synthetic_sample
leaky,1.0,0.5,32.07,-1.26,-5.31,0,0,251.25,22.4,0,synthetic_sample
leaky,1.0,1.0,32.07,0.58,-5.31,0,0,218.56,-10.29,0,synthetic_sample
leaky,1.5,0.25,45.57,-10.65,-14.94,0,0,515.04,189.85,2,synthetic_sample
leaky,1.5,0.5,45.57,-8.89,-14.94,0,0,483.64,158.45,2,synthetic_sample
leaky,1.5,1.0,45.57,-6.24,-14.94,0,0,436.32,111.14,2,synthetic_sample
leaky,2.0,0.25,53.39,-20.8,-25.93,0,9,751.61,370.61,18,synthetic_sample
leaky,2.0,0.5,53.39,-18.69,-25.93,0,9,713.98,332.98,18,synthetic_sample
leaky,2.0,1.0,53.08,-16.04,-25.75,0,10,664.72,285.89,18,synthetic_sample
